source_id,target_id,pair_id,label,cosine_tfidf,ABV_lev,ABV_jaccard,ABV_relaxed_jaccard,ABV_overlap,ABV_containment,Style_lev,Style_jaccard,Style_relaxed_jaccard,Style_overlap,Style_containment,Brew_Factory_Name_lev,Brew_Factory_Name_jaccard,Brew_Factory_Name_relaxed_jaccard,Brew_Factory_Name_overlap,Brew_Factory_Name_containment,Beer_Name_lev,Beer_Name_jaccard,Beer_Name_relaxed_jaccard,Beer_Name_overlap,Beer_Name_containment
2082,1496,2082-1496,0,0.05220608078449712,0.5,0.0,0.0,0.0,0.0,0.6363636363636364,0.4,0.4,0.0,0.6666666666666666,0.17391304347826086,0.0,0.0,0.0,0.0,0.696969696969697,0.42857142857142855,0.42857142857142855,0.0,0.6
982,2999,982-2999,1,0.08314343055848852,1.0,1.0,1.0,1.0,1.0,0.2727272727272727,0.2,0.2,0.0,0.5,1.0,1.0,1.0,1.0,1.0,0.6666666666666667,0.6666666666666666,0.6666666666666666,0.0,1.0
3715,2562,3715-2562,0,0.05386524149946974,0.75,0.3333333333333333,0.3333333333333333,0.0,0.5,0.16666666666666663,0.1111111111111111,0.25,0.0,0.25,0.1428571428571429,0.0,0.0,0.0,0.0,0.5483870967741935,0.5,0.5,0.0,0.75
3246,284,3246-284,0,0.04031453634919943,-1.0,-1.0,-1.0,-1.0,-1.0,0.40909090909090906,0.5,0.5,0.0,1.0,0.6206896551724138,0.3333333333333333,0.3333333333333333,0.0,0.5,0.32608695652173914,0.36363636363636365,0.36363636363636365,0.0,0.5714285714285714
1931,810,1931-810,1,0.028620839194526862,0.0,0.0,0.0,0.0,0.0,0.2727272727272727,0.2,0.2,0.0,0.5,0.18181818181818177,0.0,0.0,0.0,0.0,0.5,0.2857142857142857,0.5,0.0,0.5
704,411,704-411,0,0.0448502625206279,0.75,0.3333333333333333,0.3333333333333333,0.0,0.5,0.6363636363636364,0.4,0.4,0.0,0.6666666666666666,0.12903225806451613,0.0,0.0,0.0,0.0,0.5227272727272727,0.42857142857142855,0.42857142857142855,0.0,0.75
1880,872,1880-872,0,0.05676996118153298,-1.0,-1.0,-1.0,-1.0,-1.0,0.40909090909090906,0.5,0.5,0.0,1.0,0.4347826086956522,0.4,0.4,0.0,0.6666666666666666,0.3414634146341463,0.3333333333333333,0.3333333333333333,0.0,0.75
3325,2266,3325-2266,0,0.0990837118549036,0.25,0.5,0.5,0.0,1.0,0.6363636363636364,0.4,0.4,0.0,0.6666666666666666,0.4782608695652174,0.2,0.2,0.0,0.3333333333333333,0.59375,0.5,0.5,0.0,0.75
2047,1103,2047-1103,0,0.03679378329346279,0.25,0.0,0.0,0.0,0.0,0.6363636363636364,0.4,0.4,0.0,0.6666666666666666,0.16666666666666663,0.0,0.0,0.0,0.0,0.5625,0.42857142857142855,0.42857142857142855,0.0,0.6
2718,2787,2718-2787,0,0.06368719441554734,0.75,0.3333333333333333,0.3333333333333333,0.0,0.5,0.40909090909090906,0.5,0.5,0.0,1.0,0.33333333333333337,0.25,0.25,0.0,0.5,0.4482758620689655,0.5,0.5,0.0,0.75
141,2672,141-2672,0,0.05797966528453312,-1.0,-1.0,-1.0,-1.0,-1.0,0.6363636363636364,0.4,0.4,0.0,0.6666666666666666,0.26086956521739135,0.0,0.0,0.0,0.0,0.4883720930232558,0.375,0.375,0.0,0.75
4138,823,4138-823,0,0.018698329733971123,0.75,0.3333333333333333,0.3333333333333333,0.0,0.5,0.21052631578947367,0.0,0.0,0.0,0.0,0.5862068965517242,0.2857142857142857,0.2857142857142857,0.0,0.5,0.33333333333333337,0.3333333333333333,0.3333333333333333,0.0,0.6
190,805,190-805,1,0.052400850890369645,0.5,0.0,0.0,0.0,0.0,0.40909090909090906,0.5,0.5,0.0,1.0,0.6071428571428572,0.4,0.4,0.0,0.6666666666666666,1.0,1.0,1.0,1.0,1.0
2277,1255,2277-1255,0,0.051110212211990635,-1.0,-1.0,-1.0,-1.0,-1.0,0.6363636363636364,0.4,0.4,0.0,0.6666666666666666,0.6206896551724138,0.4,0.4,0.0,0.6666666666666666,0.29230769230769227,0.36363636363636365,0.36363636363636365,0.0,0.8
4162,2313,4162-2313,0,0.018860411581538422,0.19999999999999996,0.0,0.0,0.0,0.0,0.4736842105263158,0.0,0.0,0.0,0.0,0.6799999999999999,0.4,0.4,0.0,0.6666666666666666,0.5,0.375,0.375,0.0,0.6
1850,742,1850-742,1,0.30256237054222523,-1.0,-1.0,-1.0,-1.0,-1.0,0.40909090909090906,0.5,0.5,0.0,1.0,0.4782608695652174,0.25,0.25,0.0,0.5,0.6,0.75,0.75,0.0,1.0
2909,1529,2909-1529,1,0.023904374986951388,1.0,1.0,1.0,1.0,1.0,0.40909090909090906,0.5,0.5,0.0,1.0,1.0,1.0,1.0,1.0,1.0,0.6551724137931034,0.6,0.6,0.0,1.0
3963,1026,3963-1026,0,0.03403741509838616,0.5,0.0,0.0,0.0,0.0,0.6363636363636364,0.4,0.4,0.0,0.6666666666666666,0.2222222222222222,0.0,0.0,0.0,0.0,0.5897435897435898,0.3333333333333333,0.3333333333333333,0.0,0.6
2480,558,2480-558,0,0.04711822809742875,0.5,0.0,0.0,0.0,0.0,0.40909090909090906,0.5,0.5,0.0,1.0,0.0,0.0,0.0,0.0,0.0,0.5121951219512195,0.3333333333333333,0.3333333333333333,0.0,0.6
1185,2991,1185-2991,0,0.0511601904566381,0.75,0.3333333333333333,0.3333333333333333,0.0,0.5,0.6363636363636364,0.4,0.4,0.0,0.6666666666666666,0.29166666666666663,0.0,0.0,0.0,0.0,0.45945945945945943,0.42857142857142855,0.42857142857142855,0.0,0.75
2433,2722,2433-2722,0,0.03878377440452455,0.75,0.3333333333333333,0.3333333333333333,0.0,0.5,0.6363636363636364,0.4,0.4,0.0,0.6666666666666666,0.20833333333333337,0.0,0.0,0.0,0.0,0.48888888888888893,0.2727272727272727,0.2727272727272727,0.0,0.42857142857142855
2175,996,2175-996,1,0.05606656639780736,-1.0,-1.0,-1.0,-1.0,-1.0,0.40909090909090906,0.5,0.5,0.0,1.0,0.5813953488372092,0.42857142857142855,0.42857142857142855,0.0,0.75,0.4545454545454546,0.5,0.5,0.0,1.0
1466,972,1466-972,0,0.08265813503986982,0.25,0.0,0.0,0.0,0.0,0.40909090909090906,0.5,0.5,0.0,1.0,0.2727272727272727,0.0,0.0,0.0,0.0,0.5,0.42857142857142855,0.42857142857142855,0.0,0.75
178,838,178-838,0,0.03421556377615187,0.0,0.0,0.0,0.0,0.0,0.2727272727272727,0.2,0.2,0.0,0.5,0.34615384615384615,0.16666666666666666,0.16666666666666666,0.0,0.3333333333333333,0.26415094339622647,0.21428571428571427,0.21428571428571427,0.0,0.42857142857142855
732,621,732-621,0,0.05963016770404377,-1.0,-1.0,-1.0,-1.0,-1.0,0.6363636363636364,0.4,0.4,0.0,0.6666666666666666,0.25,0.0,0.0,0.0,0.0,0.625,0.42857142857142855,0.42857142857142855,0.0,0.6
2423,881,2423-881,0,0.03799667191794858,-1.0,-1.0,-1.0,-1.0,-1.0,0.40909090909090906,0.5,0.5,0.0,1.0,0.33333333333333337,0.14285714285714285,0.14285714285714285,0.0,0.3333333333333333,0.44680851063829785,0.25,0.25,0.0,0.42857142857142855
1857,1860,1857-1860,0,0.04921602825965382,0.5,0.0,0.0,0.0,0.0,0.40909090909090906,0.5,0.5,0.0,1.0,0.2068965517241379,0.0,0.0,0.0,0.0,0.37037037037037035,0.5,0.5,0.0,0.75
3388,99,3388-99,0,0.1443050943704777,-1.0,-1.0,-1.0,-1.0,-1.0,0.2727272727272727,0.2,0.2,0.0,0.5,0.28125,0.0,0.0,0.0,0.0,0.48888888888888893,0.2727272727272727,0.2727272727272727,0.0,0.42857142857142855
2125,22,2125-22,0,0.05149231827058402,0.5,0.0,0.0,0.0,0.0,0.6363636363636364,0.4,0.4,0.0,0.6666666666666666,0.1578947368421053,0.0,0.0,0.0,0.0,0.26027397260273977,0.23076923076923078,0.23076923076923078,0.0,0.75
3605,521,3605-521,0,0.06472325258219452,0.25,0.5,0.5,0.0,1.0,0.40909090909090906,0.5,0.5,0.0,1.0,0.5625,0.3333333333333333,0.3333333333333333,0.0,0.5,0.5151515151515151,0.375,0.375,0.0,0.6
2272,64,2272-64,0,0.04268007208854774,0.5,0.0,0.0,0.0,0.0,0.6363636363636364,0.4,0.4,0.0,0.6666666666666666,0.17391304347826086,0.0,0.0,0.0,0.0,0.6071428571428572,0.5,0.5,0.0,0.75
492,1661,492-1661,0,0.140539677891829,0.75,0.3333333333333333,0.3333333333333333,0.0,0.5,0.6363636363636364,0.4,0.4,0.0,0.6666666666666666,0.6666666666666667,0.5,0.5,0.0,0.6666666666666666,0.2558139534883721,0.3,0.3,0.0,0.6
4200,469,4200-469,0,0.015260848307739607,0.4,0.0,0.0,0.0,0.0,0.368421052631579,0.0,0.0,0.0,0.0,0.36,0.16666666666666666,0.16666666666666666,0.0,0.3333333333333333,0.5348837209302326,0.3333333333333333,0.3333333333333333,0.0,0.6
4101,2360,4101-2360,1,0.013560217150848083,0.8,0.3333333333333333,0.3333333333333333,0.0,0.5,0.4736842105263158,0.0,0.0,0.0,0.0,0.6666666666666667,0.6666666666666666,0.6666666666666666,0.0,1.0,1.0,1.0,1.0,1.0,1.0
285,623,285-623,0,0.027076566698487747,0.5,0.0,0.0,0.0,0.0,0.6363636363636364,0.4,0.4,0.0,0.6666666666666666,0.4545454545454546,0.16666666666666666,0.16666666666666666,0.0,0.3333333333333333,0.5128205128205128,0.375,0.375,0.0,0.75
2602,1255,2602-1255,0,0.03444200891520318,0.25,0.0,0.0,0.0,0.0,0.6363636363636364,0.4,0.4,0.0,0.6666666666666666,0.6060606060606061,0.3333333333333333,0.3333333333333333,0.0,0.5,0.32307692307692304,0.36363636363636365,0.36363636363636365,0.0,0.8
890,2580,890-2580,1,0.14649949449253308,1.0,1.0,1.0,1.0,1.0,0.40909090909090906,0.5,0.5,0.0,1.0,0.7142857142857143,0.75,0.75,0.0,1.0,0.9142857142857143,0.8333333333333334,0.8333333333333334,0.0,1.0
2689,1373,2689-1373,1,0.08163689080832709,0.25,0.5,0.5,0.0,1.0,0.2272727272727273,0.0,0.0,0.0,0.0,1.0,1.0,1.0,1.0,1.0,1.0,1.0,1.0,1.0,1.0
1672,590,1672-590,1,0.02940480883199852,0.75,0.3333333333333333,0.3333333333333333,0.0,0.5,0.31818181818181823,0.16666666666666666,0.4,0.0,0.3333333333333333,0.1923076923076923,0.0,0.0,0.0,0.0,0.5769230769230769,0.75,0.75,0.0,1.0
3126,461,3126-461,0,0.03651749101151347,0.5,0.0,0.0,0.0,0.0,0.40909090909090906,0.5,0.5,0.0,1.0,0.24,0.0,0.0,0.0,0.0,0.5121951219512195,0.3333333333333333,0.3333333333333333,0.0,0.75
1755,2883,1755-2883,0,0.031849465725090176,1.0,1.0,1.0,1.0,1.0,0.6363636363636364,0.4,0.4,0.0,0.6666666666666666,0.25,0.0,0.0,0.0,0.0,0.4666666666666667,0.25,0.25,0.0,0.42857142857142855
354,22,354-22,0,0.044231168297480465,0.5,0.0,0.0,0.0,0.0,0.6363636363636364,0.4,0.4,0.0,0.6666666666666666,0.15000000000000002,0.0,0.0,0.0,0.0,0.273972602739726,0.21428571428571427,0.21428571428571427,0.0,0.6
2086,490,2086-490,0,0.10683055675947888,1.0,1.0,1.0,1.0,1.0,0.40909090909090906,0.5,0.5,0.0,1.0,0.31818181818181823,0.2,0.2,0.0,0.3333333333333333,0.4285714285714286,0.42857142857142855,0.42857142857142855,0.0,0.75
2089,1038,2089-1038,0,0.029630853565185737,0.5,0.0,0.0,0.0,0.0,0.40909090909090906,0.5,0.5,0.0,1.0,0.5,0.4,0.4,0.0,0.6666666666666666,0.33333333333333337,0.3333333333333333,0.3333333333333333,0.0,0.6
2423,1934,2423-1934,0,0.060414132406905664,-1.0,-1.0,-1.0,-1.0,-1.0,0.6363636363636364,0.4,0.4,0.0,0.6666666666666666,0.3571428571428571,0.16666666666666666,0.16666666666666666,0.0,0.3333333333333333,0.4883720930232558,0.2727272727272727,0.2727272727272727,0.0,0.42857142857142855
2156,1889,2156-1889,0,0.04716367220553265,0.5,0.0,0.0,0.0,0.0,0.6363636363636364,0.4,0.4,0.0,0.6666666666666666,0.21739130434782605,0.0,0.0,0.0,0.0,0.4181818181818182,0.2727272727272727,0.2727272727272727,0.0,0.75
2365,469,2365-469,0,0.026185122382898846,0.75,0.3333333333333333,0.3333333333333333,0.0,0.5,0.40909090909090906,0.5,0.5,0.0,1.0,0.19047619047619047,0.0,0.0,0.0,0.0,0.5581395348837209,0.375,0.375,0.0,0.75
3210,1737,3210-1737,1,0.06367090387555455,1.0,1.0,1.0,1.0,1.0,0.36363636363636365,0.16666666666666666,0.16666666666666666,0.0,0.3333333333333333,0.368421052631579,0.3333333333333333,0.3333333333333333,0.0,1.0,1.0,1.0,1.0,1.0,1.0
4286,2362,4286-2362,1,0.005911088144235401,0.4,0.5,0.5,0.0,1.0,0.4736842105263158,0.0,0.0,0.0,0.0,1.0,1.0,1.0,1.0,1.0,0.7894736842105263,0.75,0.75,0.0,1.0
773,22,773-22,0,0.04036445209972807,0.5,0.0,0.0,0.0,0.0,0.6363636363636364,0.4,0.4,0.0,0.6666666666666666,0.26315789473684215,0.0,0.0,0.0,0.0,0.23287671232876717,0.21428571428571427,0.21428571428571427,0.0,0.6
3758,2120,3758-2120,1,0.07319881353949118,-1.0,-1.0,-1.0,-1.0,-1.0,0.2727272727272727,0.2,0.2,0.0,0.5,0.4117647058823529,0.5,0.5,0.0,1.0,0.6521739130434783,0.75,0.75,0.0,1.0
1587,1911,1587-1911,0,0.04730714547150206,0.5,0.0,0.0,0.0,0.0,0.40909090909090906,0.5,0.5,0.0,1.0,0.2272727272727273,0.0,0.0,0.0,0.0,0.4871794871794872,0.375,0.375,0.0,0.6
487,646,487-646,0,0.11668623527587735,0.5,0.0,0.0,0.0,0.0,0.6363636363636364,0.4,0.4,0.0,0.6666666666666666,0.5333333333333333,0.3333333333333333,0.3333333333333333,0.0,0.6666666666666666,0.5666666666666667,0.5,0.5,0.0,0.75
1587,1534,1587-1534,0,0.057452063584182984,0.5,0.0,0.0,0.0,0.0,0.6363636363636364,0.4,0.4,0.0,0.6666666666666666,0.25,0.0,0.0,0.0,0.0,0.5945945945945945,0.375,0.375,0.0,0.6
1898,2085,1898-2085,0,0.06801853087839048,-1.0,-1.0,-1.0,-1.0,-1.0,0.13636363636363635,0.0,0.0,0.0,0.0,0.6875,0.5,0.5,0.0,0.6666666666666666,0.6666666666666667,0.5,0.5,0.0,0.75
1755,1551,1755-1551,0,0.04484030204010342,0.75,0.3333333333333333,0.3333333333333333,0.0,0.5,0.6363636363636364,0.4,0.4,0.0,0.6666666666666666,0.19999999999999996,0.0,0.0,0.0,0.0,0.5384615384615384,0.375,0.375,0.0,0.75
2401,179,2401-179,0,0.060128410929600695,0.0,0.0,0.0,0.0,0.0,0.40909090909090906,0.5,0.5,0.0,1.0,0.19047619047619047,0.0,0.0,0.0,0.0,0.44680851063829785,0.3,0.3,0.0,0.5
184,1534,184-1534,0,0.02483207675536894,0.75,0.3333333333333333,0.3333333333333333,0.0,0.5,0.6363636363636364,0.4,0.4,0.0,0.6666666666666666,0.6071428571428572,0.4,0.4,0.0,0.6666666666666666,0.475,0.3333333333333333,0.3333333333333333,0.0,0.5
2602,1955,2602-1955,0,0.0339029715720843,-1.0,-1.0,-1.0,-1.0,-1.0,0.40909090909090906,0.5,0.5,0.0,1.0,0.12121212121212122,0.0,0.0,0.0,0.0,0.26315789473684215,0.3333333333333333,0.3333333333333333,0.0,0.6
3417,1983,3417-1983,0,0.0467223827445636,-1.0,-1.0,-1.0,-1.0,-1.0,0.31818181818181823,0.2,0.2,0.0,0.5,0.09999999999999998,0.0,0.0,0.0,0.0,0.7407407407407407,0.5,0.5,0.0,0.75
1118,2812,1118-2812,0,0.036165343498865535,-1.0,-1.0,-1.0,-1.0,-1.0,0.40909090909090906,0.5,0.5,0.0,1.0,0.5454545454545454,0.3333333333333333,0.3333333333333333,0.0,0.5,0.48484848484848486,0.375,0.375,0.0,0.6
9,2883,9-2883,0,0.0403051067580211,0.5,0.0,0.0,0.0,0.0,0.6363636363636364,0.4,0.4,0.0,0.6666666666666666,0.28,0.0,0.0,0.0,0.0,0.4444444444444444,0.3333333333333333,0.3333333333333333,0.0,0.75
3813,22,3813-22,0,0.05142074146276359,1.0,1.0,1.0,1.0,1.0,0.6363636363636364,0.4,0.4,0.0,0.6666666666666666,0.4,0.16666666666666666,0.16666666666666666,0.0,0.3333333333333333,0.273972602739726,0.23076923076923078,0.23076923076923078,0.0,0.75
1587,1496,1587-1496,0,0.039564171061870414,0.5,0.0,0.0,0.0,0.0,0.6363636363636364,0.4,0.4,0.0,0.6666666666666666,0.17391304347826086,0.0,0.0,0.0,0.0,0.5757575757575757,0.42857142857142855,0.42857142857142855,0.0,0.6
1621,1853,1621-1853,0,0.04495322138404996,0.5,0.0,0.0,0.0,0.0,0.2727272727272727,0.0,0.0,0.0,0.0,0.27586206896551724,0.0,0.0,0.0,0.0,0.4814814814814815,0.42857142857142855,0.42857142857142855,0.0,0.75
486,2883,486-2883,0,0.04682981625653655,0.5,0.0,0.0,0.0,0.0,0.6363636363636364,0.4,0.4,0.0,0.6666666666666666,0.3157894736842105,0.0,0.0,0.0,0.0,0.4444444444444444,0.3333333333333333,0.3333333333333333,0.0,0.75
1524,284,1524-284,0,0.08956164171466673,0.0,0.0,0.0,0.0,0.0,0.40909090909090906,0.5,0.5,0.0,1.0,0.48275862068965514,0.16666666666666666,0.16666666666666666,0.0,0.3333333333333333,0.26086956521739135,0.3333333333333333,0.3333333333333333,0.0,0.75
890,615,890-615,0,0.0407393333553265,1.0,1.0,1.0,1.0,1.0,0.40909090909090906,0.5,0.5,0.0,1.0,0.5121951219512195,0.2222222222222222,0.2222222222222222,0.0,0.5,0.34782608695652173,0.23076923076923078,0.23076923076923078,0.0,0.5
3248,1298,3248-1298,0,0.041640462558579845,0.0,0.0,0.0,0.0,0.0,0.2727272727272727,0.2,0.2,0.0,0.5,0.2962962962962963,0.0,0.0,0.0,0.0,0.4285714285714286,0.3333333333333333,0.3333333333333333,0.0,0.6
736,316,736-316,0,0.09103600622315502,-1.0,-1.0,-1.0,-1.0,-1.0,0.40909090909090906,0.5,0.5,0.0,1.0,0.25,0.2,0.2,0.0,0.3333333333333333,0.4571428571428572,0.42857142857142855,0.42857142857142855,0.0,0.75
4003,2284,4003-2284,1,0.03472558879117203,1.0,1.0,1.0,1.0,1.0,0.40909090909090906,0.5,0.5,0.0,1.0,0.9545454545454546,0.5,0.8,0.0,0.75,0.5517241379310345,0.2857142857142857,0.5,0.0,0.5
4088,2351,4088-2351,1,0.006589124007196642,0.19999999999999996,0.0,0.0,0.0,0.0,0.4736842105263158,0.0,0.0,0.0,0.0,0.5666666666666667,0.4,0.4,0.0,1.0,0.46153846153846156,0.6,0.6,0.0,1.0
285,90,285-90,0,0.058838463029469705,0.5,0.0,0.0,0.0,0.0,0.6363636363636364,0.4,0.4,0.0,0.6666666666666666,0.44999999999999996,0.2857142857142857,0.2857142857142857,0.0,0.6666666666666666,0.7307692307692308,0.6,0.6,0.0,0.75
138,1635,138-1635,0,0.06297048259240855,0.5,0.0,0.0,0.0,0.0,0.6363636363636364,0.4,0.4,0.0,0.6666666666666666,0.36,0.16666666666666666,0.16666666666666666,0.0,0.3333333333333333,0.5641025641025641,0.375,0.375,0.0,0.6
3325,1973,3325-1973,0,0.06246889762081531,0.75,0.3333333333333333,0.3333333333333333,0.0,0.5,0.6363636363636364,0.4,0.4,0.0,0.6666666666666666,0.5,0.2,0.2,0.0,0.3333333333333333,0.39583333333333337,0.3333333333333333,0.3333333333333333,0.0,0.75
2209,2728,2209-2728,0,0.027733392390497488,0.75,0.3333333333333333,0.3333333333333333,0.0,0.5,0.6363636363636364,0.4,0.4,0.0,0.6666666666666666,0.1842105263157895,0.0,0.0,0.0,0.0,0.44999999999999996,0.375,0.5714285714285714,0.0,0.75
2026,1911,2026-1911,0,0.10009836811759525,0.5,0.0,0.0,0.0,0.0,0.40909090909090906,0.5,0.5,0.0,1.0,0.2857142857142857,0.16666666666666666,0.16666666666666666,0.0,0.3333333333333333,0.5641025641025641,0.42857142857142855,0.42857142857142855,0.0,0.75
2606,1320,2606-1320,1,0.06092065970175237,1.0,1.0,1.0,1.0,1.0,0.40909090909090906,0.5,0.5,0.0,1.0,1.0,1.0,1.0,1.0,1.0,0.7575757575757576,0.8333333333333334,0.8333333333333334,0.0,1.0
1460,412,1460-412,1,0.06367201797821917,0.25,0.5,0.5,0.0,1.0,0.40909090909090906,0.5,0.5,0.0,1.0,0.7727272727272727,0.5,0.5,0.0,0.6666666666666666,0.7083333333333333,0.75,0.75,0.0,1.0
138,646,138-646,0,0.13570089488802184,0.5,0.0,0.0,0.0,0.0,0.6363636363636364,0.4,0.4,0.0,0.6666666666666666,0.64,0.4,0.4,0.0,0.6666666666666666,0.5862068965517242,0.5,0.5,0.0,0.75
1281,704,1281-704,0,0.04348101945567584,0.0,0.0,0.0,0.0,0.0,0.16666666666666663,0.1111111111111111,0.25,0.0,0.25,0.23076923076923073,0.14285714285714285,0.14285714285714285,0.0,0.5,0.41025641025641024,0.3333333333333333,0.3333333333333333,0.0,0.5
2362,1136,2362-1136,1,0.0689929525411932,1.0,1.0,1.0,1.0,1.0,0.40909090909090906,0.5,0.5,0.0,1.0,1.0,1.0,1.0,1.0,1.0,0.75,0.75,0.75,0.0,1.0
3963,2334,3963-2334,0,0.22657301165240845,0.0,0.0,0.0,0.0,0.0,0.6363636363636364,0.4,0.4,0.0,0.6666666666666666,0.16666666666666663,0.0,0.0,0.0,0.0,0.4545454545454546,0.3333333333333333,0.3333333333333333,0.0,0.6
178,1103,178-1103,0,0.0612686184414068,0.5,0.0,0.0,0.0,0.0,0.6363636363636364,0.4,0.4,0.0,0.6666666666666666,0.34615384615384615,0.16666666666666666,0.16666666666666666,0.0,0.3333333333333333,0.4897959183673469,0.3333333333333333,0.3333333333333333,0.0,0.6
3813,1026,3813-1026,0,0.032812741604066095,0.5,0.0,0.0,0.0,0.0,0.6363636363636364,0.4,0.4,0.0,0.6666666666666666,0.1333333333333333,0.0,0.0,0.0,0.0,0.5128205128205128,0.375,0.375,0.0,0.75
2082,1638,2082-1638,0,0.04269700483383398,0.5,0.5,0.5,0.0,1.0,0.6363636363636364,0.4,0.4,0.0,0.6666666666666666,0.13793103448275867,0.0,0.0,0.0,0.0,0.4666666666666667,0.3333333333333333,0.3333333333333333,0.0,0.6
1458,1414,1458-1414,0,0.05072829806902686,0.75,0.3333333333333333,0.3333333333333333,0.0,0.5,0.6363636363636364,0.4,0.4,0.0,0.6666666666666666,0.19354838709677424,0.0,0.0,0.0,0.0,0.5365853658536586,0.42857142857142855,0.42857142857142855,0.0,0.75
1207,1604,1207-1604,0,0.12137239377301459,0.5,0.0,0.0,0.0,0.0,0.40909090909090906,0.5,0.5,0.0,1.0,0.2222222222222222,0.0,0.0,0.0,0.0,0.782608695652174,0.6,0.6,0.0,0.75
1219,2463,1219-2463,0,0.01429238595332049,0.75,0.3333333333333333,0.3333333333333333,0.0,0.5,0.18181818181818177,0.0,0.0,0.0,0.0,0.18181818181818177,0.0,0.0,0.0,0.0,0.5609756097560976,0.3,0.3,0.0,0.5
1725,419,1725-419,0,0.05170481300245042,0.75,0.3333333333333333,0.3333333333333333,0.0,0.5,0.40909090909090906,0.5,0.5,0.0,1.0,0.24,0.0,0.0,0.0,0.0,0.48275862068965514,0.42857142857142855,0.42857142857142855,0.0,0.75
138,90,138-90,0,0.07173488055504035,0.5,0.0,0.0,0.0,0.0,0.6363636363636364,0.4,0.4,0.0,0.6666666666666666,0.44999999999999996,0.25,0.25,0.0,0.5,0.6206896551724138,0.5,0.5,0.0,0.75
2491,1260,2491-1260,0,0.06187085782384971,-1.0,-1.0,-1.0,-1.0,-1.0,0.40909090909090906,0.5,0.5,0.0,1.0,0.4,0.125,0.125,0.0,0.25,0.5769230769230769,0.5,0.5,0.0,0.75
285,1026,285-1026,0,0.02670439466056908,0.5,0.0,0.0,0.0,0.0,0.6363636363636364,0.4,0.4,0.0,0.6666666666666666,0.18181818181818177,0.0,0.0,0.0,0.0,0.4871794871794872,0.375,0.375,0.0,0.75
1661,351,1661-351,0,0.05087694313066146,0.25,0.5,0.5,0.0,1.0,0.6363636363636364,0.4,0.4,0.0,0.6666666666666666,0.26086956521739135,0.0,0.0,0.0,0.0,0.3513513513513513,0.375,0.375,0.0,0.75
2480,2621,2480-2621,0,0.059916830415966564,0.5,0.0,0.0,0.0,0.0,0.6363636363636364,0.4,0.4,0.0,0.6666666666666666,0.4814814814814815,0.14285714285714285,0.14285714285714285,0.0,0.25,0.5588235294117647,0.375,0.375,0.0,0.6
1898,1408,1898-1408,0,0.08079404159174244,0.25,0.5,0.5,0.0,1.0,0.40909090909090906,0.5,0.5,0.0,1.0,0.3793103448275862,0.16666666666666666,0.16666666666666666,0.0,0.3333333333333333,0.5526315789473684,0.375,0.375,0.0,0.6
1436,1069,1436-1069,0,0.09844847952018394,0.75,0.3333333333333333,0.3333333333333333,0.0,0.5,0.40909090909090906,0.5,0.5,0.0,1.0,0.1923076923076923,0.0,0.0,0.0,0.0,0.4736842105263158,0.3,0.4444444444444444,0.0,0.5
285,1534,285-1534,0,0.02842950064327103,0.5,0.0,0.0,0.0,0.0,0.6363636363636364,0.4,0.4,0.0,0.6666666666666666,0.6428571428571428,0.4,0.4,0.0,0.6666666666666666,0.5675675675675675,0.42857142857142855,0.42857142857142855,0.0,0.75
487,1414,487-1414,0,0.07259789722241461,0.75,0.3333333333333333,0.3333333333333333,0.0,0.5,0.6363636363636364,0.4,0.4,0.0,0.6666666666666666,0.6,0.3333333333333333,0.3333333333333333,0.0,0.6666666666666666,0.5365853658536586,0.375,0.375,0.0,0.6
44,1119,44-1119,0,0.05912315567470351,0.5,0.0,0.0,0.0,0.0,0.6363636363636364,0.4,0.4,0.0,0.6666666666666666,0.29166666666666663,0.0,0.0,0.0,0.0,0.5,0.3076923076923077,0.3076923076923077,0.0,0.5
386,2204,386-2204,1,0.03618660697815312,1.0,1.0,1.0,1.0,1.0,0.36363636363636365,0.16666666666666666,0.16666666666666666,0.0,0.3333333333333333,0.9230769230769231,0.25,0.25,0.0,0.5,1.0,1.0,1.0,1.0,1.0
167,635,167-635,0,0.07449653876179951,0.5,0.0,0.0,0.0,0.0,0.40909090909090906,0.5,0.5,0.0,1.0,0.1428571428571429,0.0,0.0,0.0,0.0,0.4666666666666667,0.42857142857142855,0.42857142857142855,0.0,0.75
2992,1590,2992-1590,1,0.035917914493964864,-1.0,-1.0,-1.0,-1.0,-1.0,0.40909090909090906,0.5,0.5,0.0,1.0,0.19999999999999996,0.3333333333333333,0.3333333333333333,0.0,1.0,0.6896551724137931,0.8,0.8,0.0,1.0
3963,1863,3963-1863,0,0.0698011352306809,0.5,0.0,0.0,0.0,0.0,0.40909090909090906,0.5,0.5,0.0,1.0,0.24,0.0,0.0,0.0,0.0,0.3513513513513513,0.375,0.375,0.0,0.6
1458,646,1458-646,0,0.10653019988954376,0.5,0.0,0.0,0.0,0.0,0.6363636363636364,0.4,0.4,0.0,0.6666666666666666,0.16129032258064513,0.0,0.0,0.0,0.0,0.6799999999999999,0.6,0.6,0.0,0.75
2082,1103,2082-1103,0,0.055022589730005934,0.5,0.0,0.0,0.0,0.0,0.6363636363636364,0.4,0.4,0.0,0.6666666666666666,0.18181818181818177,0.0,0.0,0.0,0.0,0.6129032258064516,0.42857142857142855,0.42857142857142855,0.0,0.6
1207,558,1207-558,0,0.05317452958645179,0.5,0.0,0.0,0.0,0.0,0.40909090909090906,0.5,0.5,0.0,1.0,0.10526315789473684,0.0,0.0,0.0,0.0,0.46341463414634143,0.375,0.375,0.0,0.75
1433,1261,1433-1261,0,0.05838096880924277,0.0,0.0,0.0,0.0,0.0,0.16666666666666663,0.1111111111111111,0.25,0.0,0.25,0.2857142857142857,0.0,0.0,0.0,0.0,0.5135135135135135,0.375,0.375,0.0,0.75
1456,409,1456-409,1,0.04048016012414494,1.0,1.0,1.0,1.0,1.0,0.40909090909090906,0.5,0.5,0.0,1.0,1.0,1.0,1.0,1.0,1.0,1.0,1.0,1.0,1.0,1.0
3963,1551,3963-1551,0,0.06457586849902411,0.75,0.3333333333333333,0.3333333333333333,0.0,0.5,0.6363636363636364,0.4,0.4,0.0,0.6666666666666666,0.19999999999999996,0.0,0.0,0.0,0.0,0.6666666666666667,0.5,0.5,0.0,0.75
4329,2416,4329-2416,0,0.024954322173945276,-1.0,-1.0,-1.0,-1.0,-1.0,0.4736842105263158,0.0,0.0,0.0,0.0,0.6296296296296297,0.4,0.4,0.0,0.6666666666666666,0.5,0.6666666666666666,0.6666666666666666,0.0,0.8
491,1120,491-1120,0,0.04193060095761551,0.0,0.0,0.0,0.0,0.0,0.6363636363636364,0.4,0.4,0.0,0.6666666666666666,0.15384615384615385,0.16666666666666666,0.16666666666666666,0.0,0.3333333333333333,0.4375,0.1875,0.1875,0.0,0.3333333333333333
3325,63,3325-63,0,0.061361019370568676,0.0,0.0,0.0,0.0,0.0,0.6363636363636364,0.4,0.4,0.0,0.6666666666666666,0.33333333333333337,0.0,0.0,0.0,0.0,0.6666666666666667,0.6,0.6,0.0,0.75
34,2048,34-2048,0,0.05092262961671356,0.5,0.0,0.0,0.0,0.0,0.40909090909090906,0.5,0.5,0.0,1.0,0.3214285714285714,0.2,0.2,0.0,0.5,0.33333333333333337,0.25,0.25,0.0,0.6
2399,144,2399-144,0,0.030758441176400125,0.0,0.0,0.0,0.0,0.0,0.40909090909090906,0.5,0.5,0.0,1.0,0.21052631578947367,0.0,0.0,0.0,0.0,0.3555555555555555,0.3,0.3,0.0,0.75
3802,2149,3802-2149,1,0.037695588248999906,0.5,0.0,0.0,0.0,0.0,0.40909090909090906,0.5,0.5,0.0,1.0,0.25531914893617025,0.0,0.0,0.0,0.0,0.5483870967741935,0.6,0.6,0.0,1.0
3246,1682,3246-1682,0,0.03611838979232361,-1.0,-1.0,-1.0,-1.0,-1.0,0.6363636363636364,0.4,0.4,0.0,0.6666666666666666,0.6538461538461539,0.3333333333333333,0.3333333333333333,0.0,0.5,0.24444444444444446,0.25,0.25,0.0,0.42857142857142855
2047,63,2047-63,0,0.03945606533682916,0.0,0.0,0.0,0.0,0.0,0.6363636363636364,0.4,0.4,0.0,0.6666666666666666,0.3666666666666667,0.2,0.2,0.0,0.5,0.625,0.5,0.5,0.0,0.75
2433,1534,2433-1534,0,0.05182181173075402,0.5,0.0,0.0,0.0,0.0,0.6363636363636364,0.4,0.4,0.0,0.6666666666666666,0.25,0.0,0.0,0.0,0.0,0.5581395348837209,0.3,0.3,0.0,0.5
9,881,9-881,0,0.037687940912999006,0.25,0.0,0.0,0.0,0.0,0.40909090909090906,0.5,0.5,0.0,1.0,0.6333333333333333,0.3333333333333333,0.3333333333333333,0.0,0.6666666666666666,0.44680851063829785,0.3333333333333333,0.3333333333333333,0.0,0.75
2972,2883,2972-2883,0,0.037355381777647995,0.5,0.0,0.0,0.0,0.0,0.6363636363636364,0.4,0.4,0.0,0.6666666666666666,0.26315789473684215,0.0,0.0,0.0,0.0,0.3555555555555555,0.3333333333333333,0.3333333333333333,0.0,0.75
2089,845,2089-845,0,0.02808602572740348,0.5,0.0,0.0,0.0,0.0,0.6363636363636364,0.4,0.75,0.0,0.6666666666666666,0.2727272727272727,0.0,0.0,0.0,0.0,0.2325581395348837,0.2727272727272727,0.4,0.0,0.42857142857142855
3800,2146,3800-2146,1,0.022570828396861482,1.0,1.0,1.0,1.0,1.0,0.6363636363636364,0.4,0.4,0.0,0.6666666666666666,1.0,1.0,1.0,1.0,1.0,1.0,1.0,1.0,1.0,1.0
1648,571,1648-571,1,0.047881738239980556,0.5,0.0,0.0,0.0,0.0,0.40909090909090906,0.5,0.5,0.0,1.0,0.7619047619047619,0.5,0.5,0.0,0.6666666666666666,0.6470588235294117,0.75,0.75,0.0,1.0
2423,465,2423-465,0,0.07948828524017999,-1.0,-1.0,-1.0,-1.0,-1.0,0.40909090909090906,0.5,0.5,0.0,1.0,0.1875,0.0,0.0,0.0,0.0,0.2682926829268293,0.3333333333333333,0.3333333333333333,0.0,0.6
260,1174,260-1174,0,0.07579225100482778,-1.0,-1.0,-1.0,-1.0,-1.0,0.40909090909090906,0.5,0.5,0.0,1.0,1.0,1.0,1.0,1.0,1.0,0.42307692307692313,0.5,0.5,0.0,1.0
2319,980,2319-980,0,0.029994746174287122,0.25,0.0,0.0,0.0,0.0,0.6363636363636364,0.4,0.4,0.0,0.6666666666666666,0.17391304347826086,0.0,0.0,0.0,0.0,0.5,0.3,0.3,0.0,0.5
833,641,833-641,0,0.06821097678030605,-1.0,-1.0,-1.0,-1.0,-1.0,0.6363636363636364,0.4,0.4,0.0,0.6666666666666666,0.42105263157894735,0.0,0.0,0.0,0.0,0.5405405405405406,0.3,0.3,0.0,0.5
3325,1119,3325-1119,0,0.10377662712523295,0.5,0.0,0.0,0.0,0.0,0.6363636363636364,0.4,0.4,0.0,0.6666666666666666,0.2222222222222222,0.0,0.0,0.0,0.0,0.5526315789473684,0.3333333333333333,0.3333333333333333,0.0,0.75
3126,1934,3126-1934,0,0.052610633096432706,0.75,0.3333333333333333,0.3333333333333333,0.0,0.5,0.6363636363636364,0.4,0.4,0.0,0.6666666666666666,0.25,0.0,0.0,0.0,0.0,0.5116279069767442,0.375,0.375,0.0,0.75
120,213,120-213,1,0.052677200567809876,-1.0,-1.0,-1.0,-1.0,-1.0,0.40909090909090906,0.5,0.5,0.0,1.0,0.3125,0.0,0.0,0.0,0.0,0.64,0.75,0.75,0.0,1.0
3325,1103,3325-1103,0,0.0564215884824332,0.75,0.3333333333333333,0.3333333333333333,0.0,0.5,0.6363636363636364,0.4,0.4,0.0,0.6666666666666666,0.4545454545454546,0.2,0.2,0.0,0.3333333333333333,0.5806451612903225,0.5,0.5,0.0,0.75
1926,2048,1926-2048,0,0.13741559966106195,0.5,0.0,0.0,0.0,0.0,0.40909090909090906,0.5,0.5,0.0,1.0,0.2142857142857143,0.0,0.0,0.0,0.0,0.29166666666666663,0.3,0.3,0.0,1.0
1433,418,1433-418,0,0.04443576811491612,0.25,0.5,0.5,0.0,1.0,0.40909090909090906,0.5,0.5,0.0,1.0,0.2592592592592593,0.2,0.2,0.0,0.5,0.5142857142857142,0.42857142857142855,0.42857142857142855,0.0,0.75
3852,2875,3852-2875,0,0.5201289328705303,0.75,0.3333333333333333,0.3333333333333333,0.0,0.5,0.40909090909090906,0.5,0.5,0.0,1.0,0.4375,0.0,0.0,0.0,0.0,0.625,0.5,0.5,0.0,0.75
29,1026,29-1026,0,0.031018239554371205,0.4,0.0,0.0,0.0,0.0,0.6363636363636364,0.4,0.4,0.0,0.6666666666666666,0.1724137931034483,0.0,0.0,0.0,0.0,0.5128205128205128,0.3333333333333333,0.3333333333333333,0.0,0.6
2423,1519,2423-1519,0,0.05801919485797457,-1.0,-1.0,-1.0,-1.0,-1.0,0.6363636363636364,0.4,0.4,0.0,0.6666666666666666,0.31818181818181823,0.2,0.2,0.0,0.3333333333333333,0.24390243902439024,0.2727272727272727,0.2727272727272727,0.0,0.42857142857142855
2960,287,2960-287,0,0.04931574920514197,0.75,0.3333333333333333,0.3333333333333333,0.0,0.5,0.40909090909090906,0.5,0.5,0.0,1.0,0.0714285714285714,0.0,0.0,0.0,0.0,0.55,0.375,0.375,0.0,0.75
2602,730,2602-730,0,0.06449729685741457,0.0,0.0,0.0,0.0,0.0,0.40909090909090906,0.5,0.5,0.0,1.0,0.5757575757575757,0.4,0.4,0.0,0.6666666666666666,0.5641025641025641,0.375,0.375,0.0,0.6
3185,2266,3185-2266,0,0.0935310950605233,0.0,0.0,0.0,0.0,0.0,0.6363636363636364,0.4,0.4,0.0,0.6666666666666666,0.6799999999999999,0.5,0.5,0.0,0.6666666666666666,0.53125,0.5,0.5,0.0,0.75
4117,22,4117-22,0,0.02118855396949694,0.4,0.0,0.0,0.0,0.0,0.5789473684210527,0.25,0.25,0.0,0.5,0.26315789473684215,0.0,0.0,0.0,0.0,0.4246575342465754,0.23529411764705882,0.23529411764705882,0.0,0.4444444444444444
2433,1103,2433-1103,0,0.03888393310152659,0.5,0.0,0.0,0.0,0.0,0.6363636363636364,0.4,0.4,0.0,0.6666666666666666,0.18181818181818177,0.0,0.0,0.0,0.0,0.5116279069767442,0.3333333333333333,0.3333333333333333,0.0,0.6
1289,2622,1289-2622,0,0.061844156402082795,-1.0,-1.0,-1.0,-1.0,-1.0,0.40909090909090906,0.5,0.5,0.0,1.0,0.37037037037037035,0.16666666666666666,0.16666666666666666,0.0,0.3333333333333333,0.36363636363636365,0.375,0.375,0.0,0.6
429,2636,429-2636,0,0.0784309172359624,-1.0,-1.0,-1.0,-1.0,-1.0,0.40909090909090906,0.5,0.5,0.0,1.0,0.5185185185185186,0.16666666666666666,0.16666666666666666,0.0,0.3333333333333333,0.4571428571428572,0.3333333333333333,0.3333333333333333,0.0,0.5
1458,1496,1458-1496,0,0.0384987226716033,0.5,0.0,0.0,0.0,0.0,0.6363636363636364,0.4,0.4,0.0,0.6666666666666666,0.16129032258064513,0.0,0.0,0.0,0.0,0.6060606060606061,0.5,0.5,0.0,0.75
1621,12,1621-12,0,0.04121003625152538,0.5,0.0,0.0,0.0,0.0,0.40909090909090906,0.5,0.5,0.0,1.0,0.31034482758620685,0.0,0.0,0.0,0.0,0.8,0.6,0.6,0.0,0.75
3661,2672,3661-2672,0,0.04845232127260443,-1.0,-1.0,-1.0,-1.0,-1.0,0.6363636363636364,0.4,0.4,0.0,0.6666666666666666,0.30434782608695654,0.0,0.0,0.0,0.0,0.3023255813953488,0.375,0.375,0.0,0.75
1647,2409,1647-2409,0,0.026472424378982097,0.4,0.0,0.0,0.0,0.0,0.18181818181818177,0.0,0.0,0.0,0.0,0.125,0.0,0.2,0.0,0.0,0.2666666666666667,0.3333333333333333,0.3333333333333333,0.0,0.6
3035,1620,3035-1620,1,0.05729192089240369,1.0,1.0,1.0,1.0,1.0,0.2272727272727273,0.2,0.2,0.0,0.5,1.0,1.0,1.0,1.0,1.0,0.6842105263157895,0.6666666666666666,0.6666666666666666,0.0,1.0
1914,793,1914-793,1,0.08902456993583677,-1.0,-1.0,-1.0,-1.0,-1.0,0.40909090909090906,0.5,0.5,0.0,1.0,1.0,1.0,1.0,1.0,1.0,0.46875,0.375,0.375,0.0,0.6
2463,1206,2463-1206,1,0.024867228869368402,1.0,1.0,1.0,1.0,1.0,0.13636363636363635,0.0,0.0,0.0,0.0,0.34782608695652173,0.2,0.2,0.0,0.5,0.9130434782608696,0.16666666666666666,0.75,0.0,0.3333333333333333
3185,1661,3185-1661,0,0.129332387197567,0.25,0.0,0.0,0.0,0.0,0.6363636363636364,0.4,0.4,0.0,0.6666666666666666,0.76,0.5,0.5,0.0,0.6666666666666666,0.3023255813953488,0.3333333333333333,0.3333333333333333,0.0,0.75
3632,1275,3632-1275,0,0.09464822243393531,0.5,0.0,0.0,0.0,0.0,0.40909090909090906,0.5,0.5,0.0,1.0,0.23076923076923073,0.0,0.0,0.0,0.0,0.38095238095238093,0.3,0.3,0.0,0.75
2289,1085,2289-1085,1,0.03431183278648588,-1.0,-1.0,-1.0,-1.0,-1.0,0.2727272727272727,0.2,0.2,0.0,0.5,0.6666666666666667,0.6666666666666666,0.6666666666666666,0.0,1.0,0.7096774193548387,0.8,0.8,0.0,1.0
2724,1886,2724-1886,0,0.050118810588750534,-1.0,-1.0,-1.0,-1.0,-1.0,0.6363636363636364,0.4,0.75,0.0,0.6666666666666666,0.23809523809523814,0.0,0.0,0.0,0.0,0.33999999999999997,0.21428571428571427,0.4166666666666667,0.0,0.6
1458,1551,1458-1551,0,0.049984515563940436,0.5,0.0,0.0,0.0,0.0,0.6363636363636364,0.4,0.4,0.0,0.6666666666666666,0.16129032258064513,0.0,0.0,0.0,0.0,0.7307692307692308,0.6,0.6,0.0,0.75
1501,2750,1501-2750,0,0.07461859725958997,0.75,0.3333333333333333,0.3333333333333333,0.0,0.5,0.40909090909090906,0.5,0.5,0.0,1.0,0.20833333333333337,0.09090909090909091,0.09090909090909091,0.0,0.25,0.5925925925925926,0.5,0.5,0.0,0.75
284,2517,284-2517,0,0.0198929037836138,0.25,0.0,0.0,0.0,0.0,0.18181818181818177,0.0,0.0,0.0,0.0,0.4,0.16666666666666666,0.16666666666666666,0.0,0.3333333333333333,0.29166666666666663,0.21428571428571427,0.21428571428571427,0.0,0.75
487,1635,487-1635,0,0.05414694245956592,0.75,0.3333333333333333,0.3333333333333333,0.0,0.5,0.6363636363636364,0.4,0.4,0.0,0.6666666666666666,0.3666666666666667,0.14285714285714285,0.14285714285714285,0.0,0.3333333333333333,0.5384615384615384,0.375,0.375,0.0,0.6
3963,124,3963-124,0,0.10902200836788184,0.0,0.0,0.0,0.0,0.0,0.6363636363636364,0.4,0.4,0.0,0.6666666666666666,0.44999999999999996,0.16666666666666666,0.16666666666666666,0.0,0.3333333333333333,0.5238095238095238,0.375,0.375,0.0,0.6
2934,1103,2934-1103,0,0.05538065443246517,0.5,0.0,0.0,0.0,0.0,0.6363636363636364,0.4,0.4,0.0,0.6666666666666666,0.18181818181818177,0.0,0.0,0.0,0.0,0.6774193548387097,0.5,0.5,0.0,0.75
2433,349,2433-349,0,0.03344924178001652,0.5,0.0,0.0,0.0,0.0,0.40909090909090906,0.5,0.5,0.0,1.0,0.30000000000000004,0.0,0.0,0.0,0.0,0.41860465116279066,0.2727272727272727,0.2727272727272727,0.0,0.42857142857142855
2506,1242,2506-1242,1,0.038820897772073745,1.0,1.0,1.0,1.0,1.0,0.40909090909090906,0.5,0.5,0.0,1.0,0.5,0.3333333333333333,0.3333333333333333,0.0,0.5,0.6153846153846154,0.6,0.6,0.0,1.0
1815,2654,1815-2654,0,0.042837631942334364,0.5,0.0,0.0,0.0,0.0,0.40909090909090906,0.5,0.5,0.0,1.0,0.23809523809523814,0.0,0.0,0.0,0.0,0.4,0.3333333333333333,0.3333333333333333,0.0,0.6
3626,2728,3626-2728,0,0.025022708395852182,0.5,0.0,0.0,0.0,0.0,0.6363636363636364,0.4,0.4,0.0,0.6666666666666666,0.1785714285714286,0.0,0.0,0.0,0.0,0.46808510638297873,0.25,0.25,0.0,0.42857142857142855
1524,1682,1524-1682,0,0.04944581507536906,0.5,0.0,0.0,0.0,0.0,0.6363636363636364,0.4,0.4,0.0,0.6666666666666666,0.5416666666666667,0.16666666666666666,0.16666666666666666,0.0,0.3333333333333333,0.4222222222222223,0.5,0.5,0.0,1.0
1794,881,1794-881,0,0.03377674275983618,0.25,0.5,0.5,0.0,1.0,0.40909090909090906,0.5,0.5,0.0,1.0,0.36585365853658536,0.2222222222222222,0.2222222222222222,0.0,0.4,0.44680851063829785,0.3333333333333333,0.3333333333333333,0.0,0.75
3090,461,3090-461,0,0.04794891982015074,0.5,0.0,0.0,0.0,0.0,0.40909090909090906,0.5,0.5,0.0,1.0,0.2857142857142857,0.16666666666666666,0.16666666666666666,0.0,0.3333333333333333,0.3414634146341463,0.3,0.3,0.0,0.6
2780,1594,2780-1594,0,0.06831451970553831,-1.0,-1.0,-1.0,-1.0,-1.0,0.40909090909090906,0.5,0.5,0.0,1.0,0.2727272727272727,0.0,0.0,0.0,0.0,0.5714285714285714,0.5,0.5,0.0,0.75
2433,1496,2433-1496,0,0.03568691699032472,0.5,0.0,0.0,0.0,0.0,0.6363636363636364,0.4,0.4,0.0,0.6666666666666666,0.21739130434782605,0.0,0.0,0.0,0.0,0.5348837209302326,0.3333333333333333,0.3333333333333333,0.0,0.6
1178,1889,1178-1889,0,0.029066371419301032,0.5,0.0,0.0,0.0,0.0,0.6363636363636364,0.4,0.4,0.0,0.6666666666666666,0.1333333333333333,0.0,0.0,0.0,0.0,0.4545454545454546,0.23076923076923078,0.23076923076923078,0.0,0.5
3842,1281,3842-1281,0,0.05822503336787576,0.5,0.0,0.0,0.0,0.0,0.13636363636363635,0.0,0.0,0.0,0.0,0.4814814814814815,0.14285714285714285,0.14285714285714285,0.0,0.3333333333333333,0.52,0.42857142857142855,0.42857142857142855,0.0,0.6
1219,730,1219-730,0,0.027404641658676128,0.0,0.0,0.0,0.0,0.0,0.40909090909090906,0.5,0.5,0.0,1.0,0.13043478260869568,0.0,0.0,0.0,0.0,0.5384615384615384,0.3333333333333333,0.3333333333333333,0.0,0.5
2724,1221,2724-1221,0,0.06986620213768821,-1.0,-1.0,-1.0,-1.0,-1.0,0.40909090909090906,0.5,0.5,0.0,1.0,0.2857142857142857,0.2,0.2,0.0,0.3333333333333333,0.38888888888888884,0.3333333333333333,0.5,0.0,0.6
3134,641,3134-641,0,0.20025252234051585,-1.0,-1.0,-1.0,-1.0,-1.0,0.6363636363636364,0.4,0.4,0.0,0.6666666666666666,0.2777777777777778,0.0,0.0,0.0,0.0,0.4054054054054054,0.3333333333333333,0.3333333333333333,0.0,0.6
4256,730,4256-730,0,0.005503402388577026,0.0,0.0,0.0,0.0,0.0,0.368421052631579,0.0,0.0,0.0,0.0,0.12,0.0,0.0,0.0,0.0,0.6046511627906976,0.3,0.3,0.0,0.5
1218,2618,1218-2618,0,0.028560409422422585,0.4,0.0,0.0,0.0,0.0,0.6363636363636364,0.4,0.4,0.0,0.6666666666666666,0.31034482758620685,0.0,0.0,0.0,0.0,0.4473684210526315,0.375,0.375,0.0,0.6
589,1586,589-1586,0,0.05843866682383761,-1.0,-1.0,-1.0,-1.0,-1.0,0.40909090909090906,0.5,0.5,0.0,1.0,0.6666666666666667,0.3333333333333333,0.3333333333333333,0.0,0.5,0.40909090909090906,0.3,0.3,0.0,0.75
295,980,295-980,0,0.04737396373296686,0.0,0.0,0.0,0.0,0.0,0.6363636363636364,0.4,0.4,0.0,0.6666666666666666,0.5,0.2,0.2,0.0,0.3333333333333333,0.525,0.3333333333333333,0.3333333333333333,0.0,0.6
44,1889,44-1889,0,0.09207135165528922,0.5,0.0,0.0,0.0,0.0,0.6363636363636364,0.4,0.4,0.0,0.6666666666666666,0.125,0.0,0.0,0.0,0.0,0.4642857142857143,0.26666666666666666,0.26666666666666666,0.0,0.4444444444444444
4030,2508,4030-2508,0,0.039602142928260996,0.19999999999999996,0.0,0.0,0.0,0.0,0.4736842105263158,0.0,0.0,0.0,0.0,0.09523809523809523,0.0,0.0,0.0,0.0,0.23076923076923073,0.2727272727272727,0.2727272727272727,0.0,0.6
403,2582,403-2582,0,0.05093924936408367,0.0,0.0,0.0,0.0,0.0,0.6363636363636364,0.4,0.4,0.0,0.6666666666666666,0.4054054054054054,0.3333333333333333,0.3333333333333333,0.0,0.6666666666666666,0.625,0.5,0.5,0.0,0.75
2480,1604,2480-1604,0,0.10754871136622025,0.5,0.0,0.0,0.0,0.0,0.40909090909090906,0.5,0.5,0.0,1.0,0.25,0.0,0.0,0.0,0.0,0.6923076923076923,0.5,0.5,0.0,0.75
3478,1119,3478-1119,0,0.037478663665257074,0.75,0.3333333333333333,0.3333333333333333,0.0,0.5,0.6363636363636364,0.4,0.4,0.0,0.6666666666666666,0.4117647058823529,0.0,0.0,0.0,0.0,0.368421052631579,0.2727272727272727,0.2727272727272727,0.0,0.5
833,22,833-22,0,0.04357970734709504,0.5,0.0,0.0,0.0,0.0,0.6363636363636364,0.4,0.4,0.0,0.6666666666666666,0.1578947368421053,0.0,0.0,0.0,0.0,0.26027397260273977,0.2,0.2,0.0,0.5
4157,2405,4157-2405,1,0.014433400962796897,0.25,0.5,0.5,0.0,1.0,0.4736842105263158,0.0,0.0,0.0,0.0,1.0,1.0,1.0,1.0,1.0,0.7,0.6666666666666666,0.6666666666666666,0.0,1.0
44,1534,44-1534,0,0.021136737569721564,0.5,0.0,0.0,0.0,0.0,0.6363636363636364,0.4,0.4,0.0,0.6666666666666666,0.3928571428571429,0.14285714285714285,0.14285714285714285,0.0,0.25,0.4464285714285714,0.25,0.25,0.0,0.5
178,1534,178-1534,0,0.031214278836822523,0.5,0.0,0.0,0.0,0.0,0.6363636363636364,0.4,0.4,0.0,0.6666666666666666,0.6785714285714286,0.3333333333333333,0.3333333333333333,0.0,0.5,0.5102040816326531,0.3,0.3,0.0,0.5
42,1025,42-1025,0,0.07020048249620205,0.5,0.0,0.0,0.0,0.0,0.6363636363636364,0.4,0.4,0.0,0.6666666666666666,0.31034482758620685,0.125,0.125,0.0,0.25,0.4358974358974359,0.375,0.375,0.0,0.75
2934,1911,2934-1911,0,0.0583667724240221,0.75,0.3333333333333333,0.3333333333333333,0.0,0.5,0.40909090909090906,0.5,0.5,0.0,1.0,0.19047619047619047,0.0,0.0,0.0,0.0,0.5641025641025641,0.42857142857142855,0.42857142857142855,0.0,0.75
141,2991,141-2991,0,0.08045358240701943,0.5,0.0,0.0,0.0,0.0,0.6363636363636364,0.4,0.4,0.0,0.6666666666666666,0.6666666666666667,0.4,0.4,0.0,0.6666666666666666,0.43243243243243246,0.42857142857142855,0.42857142857142855,0.0,0.75
3130,1255,3130-1255,0,0.057666098542594954,-1.0,-1.0,-1.0,-1.0,-1.0,0.6363636363636364,0.4,0.4,0.0,0.6666666666666666,0.6896551724137931,0.3333333333333333,0.3333333333333333,0.0,0.5,0.3076923076923077,0.2727272727272727,0.2727272727272727,0.0,0.75
543,2232,543-2232,0,0.0544998420808417,-1.0,-1.0,-1.0,-1.0,-1.0,0.40909090909090906,0.5,0.5,0.0,1.0,0.4,0.16666666666666666,0.16666666666666666,0.0,0.3333333333333333,0.3928571428571429,0.42857142857142855,0.42857142857142855,0.0,0.75
138,1255,138-1255,0,0.041630039419501594,0.25,0.0,0.0,0.0,0.0,0.6363636363636364,0.4,0.4,0.0,0.6666666666666666,0.6206896551724138,0.3333333333333333,0.3333333333333333,0.0,0.5,0.3076923076923077,0.25,0.25,0.0,0.6
1157,155,1157-155,1,0.050679525849253566,-1.0,-1.0,-1.0,-1.0,-1.0,0.40909090909090906,0.5,0.5,0.0,1.0,0.23076923076923073,0.0,0.0,0.0,0.0,0.6333333333333333,0.6666666666666666,0.6666666666666666,0.0,1.0
486,1551,486-1551,0,0.06593087380336891,0.5,0.0,0.0,0.0,0.0,0.6363636363636364,0.4,0.4,0.0,0.6666666666666666,0.12,0.0,0.0,0.0,0.0,0.6923076923076923,0.6,0.6,0.0,0.75
1458,1679,1458-1679,0,0.07049218234486387,0.5,0.3333333333333333,0.3333333333333333,0.0,0.5,0.6363636363636364,0.4,0.4,0.0,0.6666666666666666,0.4516129032258065,0.125,0.125,0.0,0.25,0.5405405405405406,0.42857142857142855,0.42857142857142855,0.0,0.75
2960,1275,2960-1275,0,0.05656919784234253,0.5,0.0,0.0,0.0,0.0,0.40909090909090906,0.5,0.5,0.0,1.0,0.23076923076923073,0.0,0.0,0.0,0.0,0.3492063492063492,0.3,0.3,0.0,0.75
4256,2491,4256-2491,0,0.0061636034021246506,0.4,0.0,0.0,0.0,0.0,0.4736842105263158,0.0,0.0,0.0,0.0,0.43999999999999995,0.16666666666666666,0.16666666666666666,0.0,0.3333333333333333,0.38888888888888884,0.1875,0.1875,0.0,0.42857142857142855
2770,1428,2770-1428,0,0.0319308388362175,0.0,0.0,0.0,0.0,0.0,0.6363636363636364,0.4,0.4,0.0,0.6666666666666666,0.6071428571428572,0.4,0.4,0.0,0.6666666666666666,0.2407407407407407,0.3333333333333333,0.3333333333333333,0.0,1.0
3381,2275,3381-2275,0,0.06007050075977807,0.0,0.0,0.0,0.0,0.0,0.40909090909090906,0.5,0.5,0.0,1.0,0.16666666666666663,0.0,0.0,0.0,0.0,0.55,0.42857142857142855,0.42857142857142855,0.0,0.75
4083,2424,4083-2424,0,0.060791917983596074,0.19999999999999996,0.0,0.0,0.0,0.0,0.4736842105263158,0.0,0.0,0.0,0.0,0.5,0.2,0.2,0.0,0.3333333333333333,0.2962962962962963,0.36363636363636365,0.36363636363636365,0.0,0.6666666666666666
3842,2546,3842-2546,0,0.10785382986817013,-1.0,-1.0,-1.0,-1.0,-1.0,0.40909090909090906,0.5,0.5,0.0,1.0,0.4814814814814815,0.14285714285714285,0.14285714285714285,0.0,0.3333333333333333,0.6,0.5,0.5,0.0,0.75
2026,2582,2026-2582,0,0.07055036489312767,0.0,0.0,0.0,0.0,0.0,0.6363636363636364,0.4,0.4,0.0,0.6666666666666666,0.31818181818181823,0.16666666666666666,0.16666666666666666,0.0,0.3333333333333333,0.625,0.5,0.5,0.0,0.75
295,1255,295-1255,0,0.040210670721656246,0.25,0.0,0.0,0.0,0.0,0.6363636363636364,0.4,0.4,0.0,0.6666666666666666,0.31034482758620685,0.16666666666666666,0.16666666666666666,0.0,0.3333333333333333,0.29230769230769227,0.25,0.25,0.0,0.6
696,22,696-22,0,0.043196806236322716,0.5,0.0,0.0,0.0,0.0,0.6363636363636364,0.4,0.4,0.0,0.6666666666666666,0.12,0.0,0.0,0.0,0.0,0.2465753424657534,0.21428571428571427,0.21428571428571427,0.0,0.6
487,621,487-621,0,0.0502136229809205,0.4,0.0,0.0,0.0,0.0,0.6363636363636364,0.4,0.4,0.0,0.6666666666666666,0.30000000000000004,0.0,0.0,0.0,0.0,0.5625,0.42857142857142855,0.42857142857142855,0.0,0.6
3715,216,3715-216,0,0.039696835070123386,0.75,0.3333333333333333,0.3333333333333333,0.0,0.5,0.16666666666666663,0.1111111111111111,0.25,0.0,0.25,0.2222222222222222,0.0,0.0,0.0,0.0,0.39534883720930236,0.375,0.375,0.0,0.75
3992,1681,3992-1681,0,0.051906760806675535,0.5,0.0,0.0,0.0,0.0,0.40909090909090906,0.5,0.5,0.0,1.0,0.09999999999999998,0.0,0.0,0.0,0.0,0.34375,0.42857142857142855,0.42857142857142855,0.0,0.75
1375,2610,1375-2610,0,0.07801647073372468,0.75,0.3333333333333333,0.3333333333333333,0.0,0.5,0.40909090909090906,0.5,0.5,0.0,1.0,0.38888888888888884,0.0,0.0,0.0,0.0,0.3548387096774194,0.42857142857142855,0.42857142857142855,0.0,0.6
294,1586,294-1586,1,0.05576446617408953,0.25,0.5,0.5,0.0,1.0,0.40909090909090906,0.5,0.5,0.0,1.0,1.0,1.0,1.0,1.0,1.0,0.31818181818181823,0.3333333333333333,0.3333333333333333,0.0,1.0
4237,2466,4237-2466,1,0.0297183802924626,1.0,1.0,1.0,1.0,1.0,0.4736842105263158,0.0,0.0,0.0,0.0,1.0,1.0,1.0,1.0,1.0,0.19047619047619047,0.5,0.5,0.0,1.0
781,2835,781-2835,1,0.029460215541541254,0.75,0.3333333333333333,0.3333333333333333,0.0,0.5,0.13636363636363635,0.0,0.0,0.0,0.0,0.3076923076923077,0.0,0.0,0.0,0.0,0.5769230769230769,0.6,0.6,0.0,1.0
1178,1414,1178-1414,0,0.04210564417644699,0.5,0.0,0.0,0.0,0.0,0.6363636363636364,0.4,0.4,0.0,0.6666666666666666,0.1333333333333333,0.0,0.0,0.0,0.0,0.5853658536585367,0.3333333333333333,0.3333333333333333,0.0,0.5
1226,1911,1226-1911,0,0.0737280598290894,0.5,0.0,0.0,0.0,0.0,0.40909090909090906,0.5,0.5,0.0,1.0,0.23809523809523814,0.2,0.2,0.0,0.3333333333333333,0.5641025641025641,0.42857142857142855,0.42857142857142855,0.0,0.75
2480,2602,2480-2602,0,0.07422515610606857,0.75,0.3333333333333333,0.3333333333333333,0.0,0.5,0.40909090909090906,0.5,0.5,0.0,1.0,0.20833333333333337,0.0,0.0,0.0,0.0,0.5476190476190477,0.3333333333333333,0.3333333333333333,0.0,0.6
99,1698,99-1698,0,0.0629048659165149,0.75,0.3333333333333333,0.3333333333333333,0.0,0.5,0.6363636363636364,0.4,0.4,0.0,0.6666666666666666,0.2222222222222222,0.0,0.0,0.0,0.0,0.23684210526315785,0.3333333333333333,0.3333333333333333,0.0,0.5
2722,1393,2722-1393,1,0.03404996082806121,0.75,0.3333333333333333,0.3333333333333333,0.0,0.5,0.31818181818181823,0.16666666666666666,0.4,0.0,0.3333333333333333,0.08695652173913049,0.0,0.0,0.0,0.0,0.75,0.75,0.75,0.0,1.0
1794,1973,1794-1973,0,0.06458715674207102,0.75,0.3333333333333333,0.3333333333333333,0.0,0.5,0.6363636363636364,0.4,0.4,0.0,0.6666666666666666,0.41463414634146345,0.2857142857142857,0.2857142857142857,0.0,0.6666666666666666,0.47916666666666663,0.3333333333333333,0.3333333333333333,0.0,0.75
2925,2208,2925-2208,0,0.025275707718345777,-1.0,-1.0,-1.0,-1.0,-1.0,0.40909090909090906,0.5,0.5,0.0,1.0,0.28,0.0,0.0,0.0,0.0,0.32608695652173914,0.2727272727272727,0.2727272727272727,0.0,0.5
3813,2583,3813-2583,0,0.0806582680803086,0.75,0.3333333333333333,0.3333333333333333,0.0,0.5,0.6363636363636364,0.4,0.4,0.0,0.6666666666666666,0.3666666666666667,0.16666666666666666,0.16666666666666666,0.0,0.3333333333333333,0.4878048780487805,0.375,0.375,0.0,0.75
654,1892,654-1892,0,0.052908015998177176,0.75,0.3333333333333333,0.3333333333333333,0.0,0.5,0.2727272727272727,0.2,0.2,0.0,0.5,0.2692307692307693,0.0,0.0,0.0,0.0,0.5625,0.3,0.3,0.0,0.5
3445,369,3445-369,0,0.06043452013400109,0.0,0.0,0.0,0.0,0.0,0.40909090909090906,0.5,0.5,0.0,1.0,0.3214285714285714,0.16666666666666666,0.16666666666666666,0.0,0.3333333333333333,0.48484848484848486,0.5,0.5,0.0,0.75
512,1356,512-1356,0,0.0401535031786598,0.25,0.5,0.5,0.0,1.0,0.40909090909090906,0.5,0.5,0.0,1.0,0.5,0.25,0.25,0.0,0.5,0.6551724137931034,0.375,0.375,0.0,0.6
2979,216,2979-216,0,0.03219366132156304,0.75,0.3333333333333333,0.3333333333333333,0.0,0.5,0.16666666666666663,0.1111111111111111,0.25,0.0,0.25,0.40740740740740744,0.14285714285714285,0.14285714285714285,0.0,0.25,0.39534883720930236,0.3,0.4444444444444444,0.0,0.5
3478,1934,3478-1934,0,0.046634370210960896,0.5,0.0,0.0,0.0,0.0,0.6363636363636364,0.4,0.4,0.0,0.6666666666666666,0.3214285714285714,0.0,0.0,0.0,0.0,0.37209302325581395,0.3,0.3,0.0,0.5
3402,1496,3402-1496,0,0.03983223509358905,0.5,0.0,0.0,0.0,0.0,0.6363636363636364,0.4,0.4,0.0,0.6666666666666666,0.21739130434782605,0.0,0.0,0.0,0.0,0.4545454545454546,0.375,0.375,0.0,0.6
486,1106,486-1106,0,0.03114180395860018,0.5,0.0,0.0,0.0,0.0,0.6363636363636364,0.4,0.4,0.0,0.6666666666666666,0.14634146341463417,0.0,0.0,0.0,0.0,0.5135135135135135,0.375,0.375,0.0,0.75
480,2576,480-2576,1,0.029284973353440304,0.75,0.3333333333333333,0.3333333333333333,0.0,0.5,0.40909090909090906,0.5,0.5,0.0,1.0,1.0,1.0,1.0,1.0,1.0,0.6666666666666667,0.75,0.75,0.0,1.0
61,2710,61-2710,1,0.04400306304709077,1.0,1.0,1.0,1.0,1.0,0.40909090909090906,0.5,0.5,0.0,1.0,1.0,1.0,1.0,1.0,1.0,1.0,1.0,1.0,1.0,1.0
3626,641,3626-641,0,0.053687155720395036,-1.0,-1.0,-1.0,-1.0,-1.0,0.6363636363636364,0.4,0.4,0.0,0.6666666666666666,0.36,0.0,0.0,0.0,0.0,0.5106382978723405,0.25,0.25,0.0,0.42857142857142855
1664,1348,1664-1348,0,0.0879030466523091,0.5,0.0,0.0,0.0,0.0,0.40909090909090906,0.5,0.5,0.0,1.0,0.15000000000000002,0.0,0.0,0.0,0.0,0.4516129032258065,0.42857142857142855,0.42857142857142855,0.0,0.75
3478,1096,3478-1096,0,0.05167074341718813,0.5,0.0,0.0,0.0,0.0,0.40909090909090906,0.5,0.5,0.0,1.0,0.2777777777777778,0.0,0.0,0.0,0.0,0.3846153846153846,0.3333333333333333,0.3333333333333333,0.0,0.5
418,2441,418-2441,1,0.03575286388997038,0.25,0.5,0.5,0.0,1.0,0.31818181818181823,0.0,0.0,0.0,0.0,0.5,0.6666666666666666,0.6666666666666666,0.0,1.0,0.5555555555555556,0.6,0.6,0.0,1.0
1604,213,1604-213,0,0.04292483475478601,-1.0,-1.0,-1.0,-1.0,-1.0,0.40909090909090906,0.5,0.5,0.0,1.0,0.375,0.0,0.0,0.0,0.0,0.7692307692307692,0.6,1.0,0.0,0.75
2272,980,2272-980,0,0.04751933933879862,0.0,0.0,0.0,0.0,0.0,0.6363636363636364,0.4,0.4,0.0,0.6666666666666666,0.631578947368421,0.2,0.2,0.0,0.3333333333333333,0.475,0.375,0.375,0.0,0.75
1599,2975,1599-2975,0,0.06806324726664689,-1.0,-1.0,-1.0,-1.0,-1.0,0.40909090909090906,0.5,0.5,0.0,1.0,0.3928571428571429,0.14285714285714285,0.14285714285714285,0.0,0.3333333333333333,0.43333333333333335,0.5,0.5,0.0,0.75
99,2139,99-2139,0,0.02275998810575897,0.75,0.3333333333333333,0.3333333333333333,0.0,0.5,0.6363636363636364,0.4,0.4,0.0,0.6666666666666666,0.19999999999999996,0.0,0.0,0.0,0.0,0.4054054054054054,0.42857142857142855,0.42857142857142855,0.0,0.75
138,1638,138-1638,0,0.0335204998777055,0.25,0.0,0.0,0.0,0.0,0.6363636363636364,0.4,0.4,0.0,0.6666666666666666,0.6206896551724138,0.3333333333333333,0.3333333333333333,0.0,0.5,0.4444444444444444,0.3333333333333333,0.3333333333333333,0.0,0.6
1725,1376,1725-1376,0,0.07442512165193937,0.0,0.0,0.0,0.0,0.0,0.40909090909090906,0.5,0.5,0.0,1.0,0.19999999999999996,0.0,0.0,0.0,0.0,0.34285714285714286,0.5,0.5,0.0,0.75
906,419,906-419,0,0.03859367150315535,-1.0,-1.0,-1.0,-1.0,-1.0,0.40909090909090906,0.5,0.5,0.0,1.0,0.11764705882352944,0.0,0.0,0.0,0.0,0.5862068965517242,0.375,0.375,0.0,0.6
184,1428,184-1428,0,0.024251948060140277,0.0,0.0,0.0,0.0,0.0,0.6363636363636364,0.4,0.4,0.0,0.6666666666666666,0.7142857142857143,0.4,0.4,0.0,0.6666666666666666,0.4629629629629629,0.25,0.25,0.0,0.5
613,2429,613-2429,0,0.0323294987531007,0.5,0.0,0.0,0.0,0.0,0.18181818181818177,0.0,0.0,0.0,0.0,0.29032258064516125,0.16666666666666666,0.16666666666666666,0.0,0.3333333333333333,0.2678571428571429,0.2727272727272727,0.2727272727272727,0.0,0.75
4329,2314,4329-2314,0,0.005656036758020013,0.8,0.3333333333333333,0.3333333333333333,0.0,0.5,0.4736842105263158,0.0,0.0,0.0,0.0,0.2222222222222222,0.0,0.0,0.0,0.0,0.4032258064516129,0.36363636363636365,0.36363636363636365,0.0,0.8
4304,2429,4304-2429,0,0.005550853478250239,0.4,0.0,0.0,0.0,0.0,0.4736842105263158,0.0,0.0,0.0,0.0,0.22580645161290325,0.0,0.0,0.0,0.0,0.3571428571428571,0.25,0.25,0.0,0.6
4216,730,4216-730,0,0.006024383067332558,0.25,0.0,0.0,0.0,0.0,0.368421052631579,0.0,0.0,0.0,0.0,0.21739130434782605,0.0,0.0,0.0,0.0,0.33333333333333337,0.375,0.375,0.0,0.6
2811,838,2811-838,0,0.037349387406096154,-1.0,-1.0,-1.0,-1.0,-1.0,0.2727272727272727,0.2,0.2,0.0,0.5,0.33333333333333337,0.2,0.2,0.0,0.3333333333333333,0.3207547169811321,0.21428571428571427,0.21428571428571427,0.0,0.42857142857142855
171,1026,171-1026,0,0.043304035469268365,0.5,0.0,0.0,0.0,0.0,0.6363636363636364,0.4,0.4,0.0,0.6666666666666666,0.19999999999999996,0.0,0.0,0.0,0.0,0.41025641025641024,0.42857142857142855,0.42857142857142855,0.0,1.0
1515,716,1515-716,0,0.04205319234382793,0.5,0.0,0.0,0.0,0.0,0.40909090909090906,0.5,0.5,0.0,1.0,0.6666666666666667,0.3333333333333333,0.3333333333333333,0.0,0.5,0.3035714285714286,0.3,0.3,0.0,0.75
1022,2839,1022-2839,0,0.03824211047640358,-1.0,-1.0,-1.0,-1.0,-1.0,0.40909090909090906,0.5,0.5,0.0,1.0,0.19999999999999996,0.0,0.0,0.0,0.0,0.2894736842105263,0.25,0.25,0.0,0.42857142857142855
491,1638,491-1638,0,0.018184728123274783,0.4,0.0,0.0,0.0,0.0,0.6363636363636364,0.4,0.4,0.0,0.6666666666666666,0.6896551724137931,0.3333333333333333,0.3333333333333333,0.0,0.5,0.453125,0.21428571428571427,0.21428571428571427,0.0,0.42857142857142855
492,2991,492-2991,0,0.07814436260543939,0.5,0.0,0.0,0.0,0.0,0.6363636363636364,0.4,0.4,0.0,0.6666666666666666,0.7083333333333333,0.5,0.5,0.0,0.6666666666666666,0.6486486486486487,0.5714285714285714,0.5714285714285714,0.0,0.8
2526,411,2526-411,0,0.05939473995920245,0.25,0.0,0.0,0.0,0.0,0.6363636363636364,0.4,0.4,0.0,0.6666666666666666,0.25806451612903225,0.0,0.0,0.0,0.0,0.5681818181818181,0.375,0.375,0.0,0.6
1857,545,1857-545,0,0.03061393268764309,0.0,0.0,0.0,0.0,0.0,0.40909090909090906,0.5,0.5,0.0,1.0,0.4137931034482759,0.16666666666666666,0.16666666666666666,0.0,0.3333333333333333,0.5483870967741935,0.42857142857142855,0.42857142857142855,0.0,0.75
3246,2019,3246-2019,0,0.04648182928206887,-1.0,-1.0,-1.0,-1.0,-1.0,0.40909090909090906,0.5,0.5,0.0,1.0,0.2407407407407407,0.2,0.2,0.0,0.5,0.41860465116279066,0.375,0.375,0.0,0.75
4200,1825,4200-1825,0,0.012590635386338953,0.4,0.0,0.0,0.0,0.0,0.368421052631579,0.0,0.0,0.0,0.0,0.4,0.2,0.2,0.0,0.5,0.5,0.3333333333333333,0.3333333333333333,0.0,0.6
3079,1650,3079-1650,1,0.07697640556081148,1.0,1.0,1.0,1.0,1.0,0.40909090909090906,0.5,0.5,0.0,1.0,0.8333333333333334,0.75,0.75,0.0,1.0,0.7727272727272727,0.8,0.8,0.0,1.0
2156,124,2156-124,0,0.10008936094638529,0.0,0.0,0.0,0.0,0.0,0.6363636363636364,0.4,0.4,0.0,0.6666666666666666,0.36363636363636365,0.16666666666666666,0.16666666666666666,0.0,0.3333333333333333,0.47619047619047616,0.42857142857142855,0.42857142857142855,0.0,0.75
9,2728,9-2728,0,0.03419341387057638,0.5,0.0,0.0,0.0,0.0,0.6363636363636364,0.4,0.4,0.0,0.6666666666666666,0.1428571428571429,0.0,0.0,0.0,0.0,0.525,0.375,0.375,0.0,0.75
1178,698,1178-698,0,0.03408723064116015,0.0,0.0,0.0,0.0,0.0,0.6363636363636364,0.4,0.4,0.0,0.6666666666666666,0.12121212121212122,0.0,0.0,0.0,0.0,0.5128205128205128,0.3333333333333333,0.3333333333333333,0.0,0.5
655,90,655-90,0,0.051437812511288344,0.5,0.0,0.0,0.0,0.0,0.6363636363636364,0.4,0.4,0.0,0.6666666666666666,0.19999999999999996,0.0,0.0,0.0,0.0,0.6551724137931034,0.5,0.5,0.0,0.75
1755,1661,1755-1661,0,0.09292123646974139,0.5,0.0,0.0,0.0,0.0,0.6363636363636364,0.4,0.4,0.0,0.6666666666666666,0.35,0.16666666666666666,0.16666666666666666,0.0,0.3333333333333333,0.16279069767441856,0.25,0.25,0.0,0.42857142857142855
2156,1255,2156-1255,0,0.04424220353523357,0.25,0.0,0.0,0.0,0.0,0.6363636363636364,0.4,0.4,0.0,0.6666666666666666,0.48275862068965514,0.14285714285714285,0.14285714285714285,0.0,0.25,0.3076923076923077,0.2727272727272727,0.2727272727272727,0.0,0.75
3251,997,3251-997,0,0.05714883531828861,0.25,0.5,0.5,0.0,1.0,0.40909090909090906,0.5,0.5,0.0,1.0,0.37037037037037035,0.14285714285714285,0.14285714285714285,0.0,0.25,0.22857142857142854,0.42857142857142855,0.42857142857142855,0.0,1.0
1725,2244,1725-2244,0,0.042074645452060466,0.0,0.0,0.0,0.0,0.0,0.40909090909090906,0.5,0.5,0.0,1.0,0.28,0.0,0.0,0.0,0.0,0.48275862068965514,0.42857142857142855,0.42857142857142855,0.0,0.75
252,2975,252-2975,0,0.08729602532525721,-1.0,-1.0,-1.0,-1.0,-1.0,0.40909090909090906,0.5,0.5,0.0,1.0,0.25,0.3333333333333333,0.3333333333333333,0.0,0.6666666666666666,0.5,0.5,0.5,0.0,0.75
3963,64,3963-64,0,0.05007512458130428,0.5,0.0,0.0,0.0,0.0,0.6363636363636364,0.4,0.4,0.0,0.6666666666666666,0.4782608695652174,0.16666666666666666,0.16666666666666666,0.0,0.3333333333333333,0.6071428571428572,0.42857142857142855,0.42857142857142855,0.0,0.6
1649,2313,1649-2313,0,0.07004639894555867,0.0,0.0,0.0,0.0,0.0,0.18181818181818177,0.0,0.0,0.0,0.0,0.25,0.0,0.0,0.0,0.0,0.26190476190476186,0.3333333333333333,0.3333333333333333,0.0,0.5
